x,y,region,year,daily_percent,species
136,9.901299269558715,DI,2015,NA,Sockeye
137,12.103429687015613,DI,2015,2.202130417456898,Sockeye
138,14.715340191128675,DI,2015,2.6119105041130624,Sockeye
139,17.776902203774736,DI,2015,3.0615620126460605,Sockeye
140,21.316225130199847,DI,2015,3.539322926425111,Sockeye
141,25.343021132156338,DI,2015,4.026796001956491,Sockeye
142,29.842005368784918,DI,2015,4.49898423662858,Sockeye
143,34.767722465328816,DI,2015,4.925717096543899,Sockeye
144,40.04243892967224,DI,2015,5.27471646434342,Sockeye
145,45.558505278298306,DI,2015,5.516066348626069,Sockeye
146,51.18574075747118,DI,2015,5.6272354791728745,Sockeye
147,56.783081078856064,DI,2015,5.597340321384884,Sockeye
148,62.21241999503879,DI,2015,5.429338916182729,Sockeye
149,67.35184627455159,DI,2015,5.139426279512797,Sockeye
150,72.10568201655347,DI,2015,4.753835742001883,Sockeye
151,76.409765328485,DI,2015,4.304083311931521,Sockeye
152,80.23180212892801,DI,2015,3.8220368004430156,Sockeye
153,83.56777071501928,DI,2015,3.335968586091269,Sockeye
154,86.43595448677891,DI,2015,2.8681837717596324,Sockeye
155,88.87018313557684,DI,2015,2.4342286487979266,Sockeye
156,90.91348427271299,DI,2015,2.0433011371361545,Sockeye
157,92.61284135989739,DI,2015,1.6993570871843957,Sockeye
158,94.01530641025765,DI,2015,1.402465050360263,Sockeye
159,95.16541037478032,DI,2015,1.1501039645226712,Sockeye
160,96.10365389049288,DI,2015,0.938243515712557,Sockeye
161,96.86581028831124,DI,2015,0.7621563978183588,Sockeye
162,97.48278771780826,DI,2015,0.6169774294970267,Sockeye
163,97.98084244591203,DI,2015,0.4980547281037673,Sockeye
164,98.3819878839117,DI,2015,0.4011454379996735,Sockeye
165,98.70449161342624,DI,2015,0.322503729514537,Sockeye
166,98.96339089917542,DI,2015,0.2588992857491803,Sockeye
167,99.17098533149392,DI,2015,0.20759443231850128,Sockeye
168,99.33728468296596,DI,2015,0.16629935147203412,Sockeye
169,99.47040273094404,DI,2015,0.1331180479780869,Sockeye
170,99.57689556264646,DI,2015,0.1064928317024112,Sockeye
171,99.66204728568599,DI,2015,0.08515172303953022,Sockeye
172,99.73010827935539,DI,2015,0.06806099366940543,Sockeye
173,99.78449196896632,DI,2015,0.054383689610929764,Sockeye
174,99.82793614927694,DI,2015,0.043444180310615366,Sockeye
175,99.86263449045482,DI,2015,0.034698341177886505,Sockeye
176,99.89034326142209,DI,2015,0.02770877096726565,Sockeye
177,99.9124676392315,DI,2015,0.022124377809404905,Sockeye
178,99.93013131790394,DI,2015,0.01766367867244867,Sockeye
179,99.94423252674855,DI,2015,0.014101208844607527,Sockeye
180,99.95548903442504,DI,2015,0.011256507676492333,Sockeye
181,99.9644742553054,DI,2015,0.008985220880362021,Sockeye
182,99.97164618609399,DI,2015,0.007171930788587133,Sockeye
183,99.97737057657802,DI,2015,0.005724390484033393,Sockeye
184,99.98193947078019,DI,2015,0.004568894202165552,Sockeye
185,99.98558603548794,DI,2015,0.003646564707750599,Sockeye
186,99.98849641444787,DI,2015,0.002910378959924742,Sockeye
187,99.99081920156728,DI,2015,0.0023227871194109184,Sockeye
188,99.99267300928753,DI,2015,0.0018538077202521208,Sockeye
136,5.656543818876911,DI,2015,NA,Chum
137,6.3440087263536284,DI,2015,0.6874649074767172,Chum
138,7.108728801273032,DI,2015,0.7647200749194036,Chum
139,7.957797366711806,DI,2015,0.849068565438774,Chum
140,8.898564014200748,DI,2015,0.9407666474889416,Chum
141,9.938538613536677,DI,2015,1.0399745993359293,Chum
142,11.08526571766988,DI,2015,1.1467271041332037,Chum
143,12.346166275015863,DI,2015,1.2609005573459822,Chum
144,13.728344563098183,DI,2015,1.3821782880823203,Chum
145,15.23835982254072,DI,2015,1.5100152594425378,Chum
146,16.881964274329597,DI,2015,1.6436044517888764,Chum
147,18.663812070239665,DI,2015,1.7818477959100676,Chum
148,20.587147199043432,DI,2015,1.9233351288037674,Chum
149,22.653482279394215,DI,2015,2.0663350803507825,Chum
150,24.862284206414593,DI,2015,2.208801927020378,Chum
151,27.210686329893047,DI,2015,2.3484021234784542,Chum
152,29.693249648949088,DI,2015,2.482563319056041,Chum
153,32.3017967641293,DI,2015,2.6085471151802118,Chum
154,35.025341415582346,DI,2015,2.7235446514530466,Chum
155,37.85013289746468,DI,2015,2.824791481882336,Chum
156,40.75982831765081,DI,2015,2.909695420186125,Chum
157,43.735796831489594,DI,2015,2.9759685138387866,Chum
158,46.75754935663609,DI,2015,3.0217525251464963,Chum
159,49.803276042582475,DI,2015,3.0457266859463843,Chum
160,52.85046337140384,DI,2015,3.047187328821366,Chum
161,55.87655468575328,DI,2015,3.0260913143494363,Chum
162,58.85961340154916,DI,2015,2.9830587157958846,Chum
163,61.77894787927927,DI,2015,2.9193344777301107,Chum
164,64.61566094450916,DI,2015,2.836713065229887,Chum
165,67.35309473205089,DI,2015,2.7374337875417325,Chum
166,69.97715170717387,DI,2015,2.6240569751229827,Chum
167,72.47648392753241,DI,2015,2.4993322203585393,Chum
168,74.8425533836653,DI,2015,2.366069456132891,Chum
169,77.06957537749702,DI,2015,2.2270219938317126,Chum
170,79.15436356893953,DI,2015,2.084788191442513,Chum
171,81.09609921721228,DI,2015,1.9417356482727541,Chum
172,82.89604837383294,DI,2015,1.7999491566206558,Chum
173,84.55724977512325,DI,2015,1.6612014012903131,Chum
174,86.08419353830654,DI,2015,1.526943763183283,Chum
175,87.48250713630861,DI,2015,1.3983135980020762,Chum
176,88.75866110374386,DI,2015,1.2761539674352491,Chum
177,89.91970298142552,DI,2015,1.1610418776816545,Chum
178,90.97302446556374,DI,2015,1.0533214841382232,Chum
179,91.92616377739847,DI,2015,0.9531393118347324,Chum
180,92.78664297953891,DI,2015,0.8604792021404393,Chum
181,93.56183832120448,DI,2015,0.7751953416655653,Chum
182,94.25888062563892,DI,2015,0.6970423044344471,Chum
183,94.88458214081467,DI,2015,0.6257015151757486,Chum
184,95.44538605269244,DI,2015,0.5608039118777697,Chum
185,95.94733490761745,DI,2015,0.5019488549250042,Chum
186,96.39605441881106,DI,2015,0.44871951119361597,Chum
187,96.79674946957107,DI,2015,0.40069505076000667,Chum
188,97.154209517597,DI,2015,0.3574600480259278,Chum
135,6.396215355636263,DI,2016,NA,Sockeye
136,7.63976065271508,DI,2016,1.2435452970788168,Sockeye
137,9.101566297403362,DI,2016,1.4618056446882823,Sockeye
138,10.810338361231903,DI,2016,1.7087720638285404,Sockeye
139,12.79476624170619,DI,2016,1.9844278804742874,Sockeye
140,15.081872011168908,DI,2016,2.287105769462718,Sockeye
141,17.694849955421137,DI,2016,2.612977944252229,Sockeye
142,20.650444554982634,DI,2016,2.955594599561497,Sockeye
143,23.956024760486912,DI,2016,3.3055802055042776,Sockeye
144,27.60664725750988,DI,2016,3.650622497022969,Sockeye
145,31.582535112866474,DI,2016,3.975887855356593,Sockeye
146,35.847487062228055,DI,2016,4.264951949361581,Sockeye
147,40.348724604233844,DI,2016,4.501237542005789,Sockeye
148,45.01853850331751,DI,2016,4.669813899083664,Sockeye
149,49.77781040401632,DI,2016,4.759271900698813,Sockeye
150,54.54111198767513,DI,2016,4.763301583658809,Sockeye
151,59.222726534075356,DI,2016,4.681614546400226,Sockeye
152,63.74271346042347,DI,2016,4.5199869263481105,Sockeye
153,68.03212571042594,DI,2016,4.289412250002478,Sockeye
154,72.0366966950669,DI,2016,4.004570984640949,Sockeye
155,75.71866343022756,DI,2016,3.681966735160671,Sockeye
156,79.056769244215,DI,2016,3.3381058139874398,Sockeye
157,82.0447865987839,DI,2016,2.988017354568896,Sockeye
158,84.68905984372928,DI,2016,2.6442732449453814,Sockeye
159,87.00558728855118,DI,2016,2.316527444821901,Sockeye
160,89.01707992877569,DI,2016,2.0114926402245032,Sockeye
161,90.75030256602153,DI,2016,1.733222637245845,Sockeye
162,92.23386692614191,DI,2016,1.4835643601203827,Sockeye
163,93.49653379882533,DI,2016,1.2626668726834112,Sockeye
164,94.56600321545842,DI,2016,1.0694694166330976,Sockeye
165,95.46812719722242,DI,2016,0.9021239817639923,Sockeye
166,96.22646145480445,DI,2016,0.7583342575820353,Sockeye
167,96.86207185197469,DI,2016,0.6356103971702396,Sockeye
168,97.393520747239,DI,2016,0.5314488952643046,Sockeye
169,97.83697183303843,DI,2016,0.44345108579943826,Sockeye
170,98.20636619666334,DI,2016,0.36939436362490596,Sockeye
171,98.51363507325307,DI,2016,0.3072688765897311,Sockeye
172,98.76892532121938,DI,2016,0.2552902479663146,Sockeye
173,98.98082187923991,DI,2016,0.21189655802052698,Sockeye
174,99.15655757320623,DI,2016,0.17573569396631683,Sockeye
175,99.30220498889113,DI,2016,0.14564741568490547,Sockeye
176,99.42284809440206,DI,2016,0.12064310551092206,Sockeye
177,99.52273323300318,DI,2016,0.09988513860112391,Sockeye
178,99.60540029971837,DI,2016,0.08266706671518875,Sockeye
179,99.67379558975412,DI,2016,0.06839529003575251,Sockeye
180,99.73036813239386,DI,2016,0.056572542639742096,Sockeye
181,99.77715142333794,DI,2016,0.046783290944077294,Sockeye
182,99.8158324280013,DI,2016,0.038681004663359886,Sockeye
183,99.84780960733613,DI,2016,0.03197717933483091,Sockeye
184,99.87424155585695,DI,2016,0.026431948520823312,Sockeye
185,99.89608766421745,DI,2016,0.021846108360492167,Sockeye
186,99.91414204170387,DI,2016,0.018054377486421913,Sockeye
187,99.92906176657384,DI,2016,0.014919724869969286,Sockeye
188,99.94139037911661,DI,2016,0.012328612542773953,Sockeye
135,2.2307734314994434,DI,2016,NA,Pink
136,2.559111338962702,DI,2016,0.32833790746325864,Pink
137,2.9343254686822253,DI,2016,0.3752141297195233,Pink
138,3.362654588970343,DI,2016,0.42832912028811787,Pink
139,3.851027126831906,DI,2016,0.48837253786156287,Pink
140,4.40709342107971,DI,2016,0.5560662942478043,Pink
141,5.039244298970975,DI,2016,0.6321508778912648,Pink
142,5.756610051052915,DI,2016,0.7173657520819399,Pink
143,6.569032627822665,DI,2016,0.8124225767697499,Pink
144,7.4870026472939655,DI,2016,0.9179700194713005,Pink
145,8.521551735736313,DI,2016,1.0345490884423478,Pink
146,9.684090045890851,DI,2016,1.1625383101545381,Pink
147,10.986178807313202,DI,2016,1.3020887614223504,Pink
148,12.43922883666183,DI,2016,1.4530500293486277,Pink
149,14.05411849809713,DI,2016,1.614889661435301,Pink
150,15.84072908046672,DI,2016,1.7866105823695886,Pink
151,17.807402280403434,DI,2016,1.9666731999367144,Pink
152,19.960333554407647,DI,2016,2.1529312740042137,Pink
153,22.302926243804134,DI,2016,2.3425926893964863,Pink
154,24.835143744681975,DI,2016,2.5322175008778416,Pink
155,27.552909085215784,DI,2016,2.717765340533809,Pink
156,30.447610930808988,DI,2016,2.894701845593204,Pink
157,33.505779680141266,DI,2016,3.0581687493322782,Pink
158,36.708994396417125,DI,2016,3.203214716275859,Pink
159,40.03406900752627,DI,2016,3.3250746111091445,Pink
160,43.45354414200096,DI,2016,3.4194751344746876,Pink
161,46.93648082645881,DI,2016,3.4829366844578544,Pink
162,50.449517915964286,DI,2016,3.513037089505474,Pink
163,53.95812209247399,DI,2016,3.5086041765097065,Pink
164,57.42793360662004,DI,2016,3.469811514146045,Pink
165,60.826097739087004,DI,2016,3.3981641324669667,Pink
166,64.12247394434493,DI,2016,3.2963762052579284,Pink
167,67.29063139704148,DI,2016,3.1681574526965477,Pink
168,70.30856775639049,DI,2016,3.017936359349008,Pink
169,73.15912191724699,DI,2016,2.850554160856504,Pink
170,75.83008526895999,DI,2016,2.6709633517129987,Pink
171,78.31404434417028,DI,2016,2.4839590752102936,Pink
172,80.60800738423272,DI,2016,2.2939630400624367,Pink
173,82.71287715212716,DI,2016,2.104869767894442,Pink
174,84.63283309365933,DI,2016,1.9199559415321659,Pink
175,86.37467976882677,DI,2016,1.7418466751674373,Pink
176,87.94720796057862,DI,2016,1.5725281917518572,Pink
177,89.36060252574006,DI,2016,1.4133945651614397,Pink
178,90.62591888272136,DI,2016,1.2653163569813017,Pink
179,91.75463936300021,DI,2016,1.1287204802788438,Pink
180,92.75831217202483,DI,2016,1.0036728090246214,Pink
181,93.64826957861476,DI,2016,0.8899574065899287,Pink
182,94.4354180020382,DI,2016,0.7871484234234458,Pink
183,95.13009052605005,DI,2016,0.6946725240118496,Pink
184,95.74195160686236,DI,2016,0.6118610808123037,Pink
185,96.27994394048571,DI,2016,0.5379923336233503,Pink
186,96.75226825756454,DI,2016,0.4723243170788294,Pink
187,97.16638794157632,DI,2016,0.41411968401178,Pink
188,97.52905161687966,DI,2016,0.3626636753033381,Pink
135,3.1055408631396633,DI,2016,NA,Chum
136,3.546939152980043,DI,2016,0.44139828984037965,Chum
137,4.048453200799446,DI,2016,0.5015140478194029,Chum
138,4.617483358889224,DI,2016,0.5690301580897783,Chum
139,5.262107317904396,DI,2016,0.6446239590151714,Chum
140,5.991071496735414,DI,2016,0.7289641788310188,Chum
141,6.8137567078280314,DI,2016,0.822685211092617,Chum
142,7.740110611780565,DI,2016,0.9263539039525339,Chum
143,8.780538666794175,DI,2016,1.04042805501361,Chum
144,9.945744854211735,DI,2016,1.16520618741756,Chum
145,11.246513677550507,DI,2016,1.300768823338771,Chum
146,12.693426100999142,DI,2016,1.4469124234486355,Chum
147,14.296504558510074,DI,2016,1.6030784575109323,Chum
148,16.064786255699456,DI,2016,1.7682816971893818,Chum
149,18.005829941296987,DI,2016,1.9410436855975313,Chum
150,20.125169181555393,DI,2016,2.1193392402584053,Chum
151,22.425734642449132,DI,2016,2.30056546089374,Chum
152,24.90727823479114,DI,2016,2.481543592342007,Chum
153,27.565841946791803,DI,2016,2.6585637120006638,Chum
154,30.393322020387767,DI,2016,2.8274800735959644,Chum
155,33.37718275151312,DI,2016,2.9838607311253504,Chum
156,36.50037159368237,DI,2016,3.123188842169249,Chum
157,39.7414769784813,DI,2016,3.241105384798935,Chum
158,43.075152044058655,DI,2016,3.333675065577353,Chum
159,46.47280258396009,DI,2016,3.3976505399014343,Chum
160,49.9035089988289,DI,2016,3.4307064148688085,Chum
161,53.33512419745067,DI,2016,3.4316151986217704,Chum
162,56.73546709211559,DI,2016,3.4003428946649237,Chum
163,60.07351876777052,DI,2016,3.338051675654931,Chum
164,63.320528048636596,DI,2016,3.2470092808660738,Chum
165,66.45094511094835,DI,2016,3.130417062311757,Chum
166,69.44312364494675,DI,2016,2.9921785339983984,Chum
167,72.2797597222432,DI,2016,2.836636077296447,Chum
168,74.94806413991482,DI,2016,2.668304417671621,Chum
169,77.43969019122885,DI,2016,2.4916260513140287,Chum
170,79.7504574598371,DI,2016,2.310767268608245,Chum
171,81.87992295241794,DI,2016,2.1294654925808487,Chum
172,83.83085388597928,DI,2016,1.950930933561338,Chum
173,85.60865312108135,DI,2016,1.7777992351020657,Chum
174,87.22078058035729,DI,2016,1.6121274592759391,Chum
175,88.67620409170686,DI,2016,1.4554235113495793,Chum
176,89.98490272823773,DI,2016,1.3086986365308633,Chum
177,91.1574361720712,DI,2016,1.1725334438334727,Chum
178,92.20458567049751,DI,2016,1.0471494984263074,Chum
179,93.13706609020025,DI,2016,0.9324804197027419,Chum
180,93.96530438452379,DI,2016,0.8282382943235405,Chum
181,94.69927724056983,DI,2016,0.7339728560460372,Chum
182,95.348399440783,DI,2016,0.6491222002131707,Chum
183,95.92145421274192,DI,2016,0.5730547719589225,Chum
184,96.42655723661359,DI,2016,0.5051030238716692,Chum
185,96.87114677216327,DI,2016,0.4445895355496816,Chum
186,97.26199335772885,DI,2016,0.3908465855655834,Chum
187,97.60522358116759,DI,2016,0.3432302234387379,Chum
188,97.90635343508563,DI,2016,0.3011298539180416,Chum
145,5.347330241605074,DI,2017,NA,Sockeye
146,6.849954874626144,DI,2017,1.5026246330210702,Sockeye
147,8.735853463762023,DI,2017,1.8858985891358788,Sockeye
148,11.079213736523082,DI,2017,2.3433602727610587,Sockeye
149,13.955053843502084,DI,2017,2.875840106979002,Sockeye
150,17.431045538245826,DI,2017,3.475991694743742,Sockeye
151,21.555949814389606,DI,2017,4.124904276143781,Sockeye
152,26.345522258747522,DI,2017,4.7895724443579155,Sockeye
153,31.768318827296337,DI,2017,5.422796568548815,Sockeye
154,37.735449119937485,DI,2017,5.967130292641148,Sockeye
155,44.0990001000369,DI,2017,6.3635509800994186,Sockeye
156,50.66251103270101,DI,2017,6.563510932664109,Sockeye
157,57.20326452821958,DI,2017,6.540753495518565,Sockeye
158,63.50159109482539,DI,2017,6.298326566605816,Sockeye
159,69.36933851436491,DI,2017,5.867747419539519,Sockeye
160,74.67003130267625,DI,2017,5.300692788311338,Sockeye
161,79.3267982574955,DI,2017,4.656766954819247,Sockeye
162,83.31870299734746,DI,2017,3.991904739851961,Sockeye
163,86.66932274041204,DI,2017,3.350619743064584,Sockeye
164,89.43229493902398,DI,2017,2.7629721986119335,Sockeye
165,91.67759199497873,DI,2017,2.245297055954751,Sockeye
166,93.4806117049029,DI,2017,1.8030197099241718,Sockeye
167,94.91468109765107,DI,2017,1.434069392748171,Sockeye
168,96.04663903875428,DI,2017,1.1319579411032095,Sockeye
169,96.93476787150024,DI,2017,0.8881288327459629,Sockeye
170,97.62830391879396,DI,2017,0.6935360472937191,Sockeye
171,98.16788710104619,DI,2017,0.5395831822522297,Sockeye
172,98.58648741627768,DI,2017,0.4186003152314868,Sockeye
173,98.9105075785185,DI,2017,0.32402016224082786,Sockeye
174,99.16088463629832,DI,2017,0.250377057779815,Sockeye
175,99.35409809891202,DI,2017,0.19321346261369854,Sockeye
176,99.50304547661167,DI,2017,0.14894737769965616,Sockeye
177,99.61777717441332,DI,2017,0.11473169780164483,Sockeye
178,99.7060990471771,DI,2017,0.08832187276378534,Sockeye
179,99.77405829398877,DI,2017,0.0679592468116681,Sockeye
180,99.82633057317273,DI,2017,0.05227227918395272,Sockeye
181,99.8665256846659,DI,2017,0.04019511149317623,Sockeye
182,99.8974273533092,DI,2017,0.030901668643295466,Sockeye
183,99.92118038472029,DI,2017,0.023753031411089864,Sockeye
184,99.93943619573558,DI,2017,0.018255811015293943,Sockeye
185,99.95346565490763,DI,2017,0.014029459172050451,Sockeye
186,99.96424638636029,DI,2017,0.010780731452655345,Sockeye
145,1.486624516798681,DI,2017,NA,Chum
146,1.6348399592984961,DI,2017,0.14821544249981522,Chum
147,1.7975627456499492,DI,2017,0.1627227863514531,Chum
148,1.9761566560853936,DI,2017,0.17859391043544437,Chum
149,2.172102002125736,DI,2017,0.1959453460403422,Chum
150,2.38700314426916,DI,2017,0.21490114214342437,Chum
151,2.6225959612268985,DI,2017,0.23559281695773837,Chum
152,2.880755125448721,DI,2017,0.2581591642218224,Chum
153,3.1635010047199925,DI,2017,0.2827458792712716,Chum
154,3.4730059695297064,DI,2017,0.3095049648097139,Chum
155,3.811599840555372,DI,2017,0.33859387102566574,Chum
156,4.181774160051277,DI,2017,0.37017431949590485,Chum
157,4.586184915531646,DI,2017,0.4044107554803693,Chum
158,5.027653284696911,DI,2017,0.441468369165265,Chum
159,5.509163908389849,DI,2017,0.4815106236929374,Chum
160,6.033860135512789,DI,2017,0.5246962271229405,Chum
161,6.605035623162209,DI,2017,0.5711754876494197,Chum
162,7.22612162062906,DI,2017,0.6210859974668512,Chum
163,7.900669222418877,DI,2017,0.6745476017898167,Chum
164,8.632325849380287,DI,2017,0.73165662696141,Chum
165,9.424805216014288,DI,2017,0.7924793666340015,Chum
166,10.281850074928617,DI,2017,0.8570448589143282,Chum
167,11.207187106055642,DI,2017,0.9253370311270253,Chum
168,12.204473449075723,DI,2017,0.9972863430200807,Chum
169,13.277234572709915,DI,2017,1.0727611236341925,Chum
170,14.428793443186075,DI,2017,1.1515588704761601,Chum
171,15.662191302670472,DI,2017,1.2333978594843966,Chum
172,16.980100798953963,DI,2017,1.317909496283491,Chum
173,18.38473271615418,DI,2017,1.4046319172002164,Chum
174,19.87773813045583,DI,2017,1.4930054143016491,Chum
175,21.4601084328277,DI,2017,1.5823703023718707,Chum
176,23.132076288944432,DI,2017,1.6719678561167335,Chum
177,24.89302120054163,DI,2017,1.7609449115971962,Chum
178,26.74138383729363,DI,2017,1.8483626367520003,Chum
179,28.67459366201507,DI,2017,1.933209824721441,Chum
180,30.689014510433573,DI,2017,2.014420848418503,Chum
181,32.77991265070548,DI,2017,2.0908981402719036,Chum
182,34.94145139129748,DI,2017,2.1615387405920004,Chum
183,37.166715505115576,DI,2017,2.225264113818099,Chum
184,39.44776759938847,DI,2017,2.2810520942728942,Chum
185,41.77573712727339,DI,2017,2.3279695278849175,Chum
186,44.14094108835469,DI,2017,2.365203961081299,Chum
142,34.348653328101804,DI,2018,NA,Sockeye
143,39.04865962871128,DI,2018,4.700006300609473,Sockeye
144,43.961140619299606,DI,2018,4.912480990588328,Sockeye
145,48.99485324829172,DI,2018,5.033712628992113,Sockeye
146,54.049031926594644,DI,2018,5.054178678302925,Sockeye
147,59.02126963764309,DI,2018,4.972237711048443,Sockeye
148,63.8156724405988,DI,2018,4.794402802955716,Sockeye
149,68.3499419065152,DI,2018,4.534269465916395,Sockeye
150,72.56033310779681,DI,2018,4.21039120128161,Sockeye
151,76.40398003863987,DI,2018,3.8436469308430645,Sockeye
152,79.85867349212474,DI,2018,3.4546934534848646,Sockeye
153,82.92063230823585,DI,2018,3.0619588161111153,Sockeye
154,85.60103136064619,DI,2018,2.680399052410337,Sockeye
155,87.92204579196236,DI,2018,2.321014431316172,Sockeye
156,89.91301531096899,DI,2018,1.9909695190066259,Sockeye
157,91.60711609314959,DI,2018,1.6941007821805982,Sockeye
158,93.03872247054882,DI,2018,1.431606377399234,Sockeye
159,94.24148457815768,DI,2018,1.2027621076088622,Sockeye
160,95.24705095241309,DI,2018,1.0055663742554088,Sockeye
161,96.08431866449507,DI,2018,0.8372677120819816,Sockeye
162,96.77908299561146,DI,2018,0.6947643311163887,Sockeye
163,97.35396917354156,DI,2018,0.5748861779300967,Sockeye
164,97.82854889949981,DI,2018,0.47457972595825026,Sockeye
165,98.21956688927524,DI,2018,0.39101798977543467,Sockeye
166,98.54122335222273,DI,2018,0.3216564629474874,Sockeye
167,98.80547547517803,DI,2018,0.2642521229552983,Sockeye
168,99.02233420031895,DI,2018,0.21685872514092353,Sockeye
169,99.20014223762944,DI,2018,0.17780803731048422,Sockeye
170,99.34582596981738,DI,2018,0.1456837321879476,Sockeye
171,99.46511836901756,DI,2018,0.11929239920017665,Sockeye
172,99.5627528562583,DI,2018,0.09763448724073953,Sockeye
173,99.64262968824592,DI,2018,0.07987683198761886,Sockeye
174,99.70795732688715,DI,2018,0.06532763864123581,Sockeye
175,99.76137160910017,DI,2018,0.05341428221301214,Sockeye
176,99.80503558078539,DI,2018,0.04366397168521985,Sockeye
177,99.84072272094811,DI,2018,0.035687140162721676,Sockeye
142,2.007205886814305,DI,2018,NA,Pink
143,2.4393228595892182,DI,2018,0.43211697277491323,Pink
144,2.961655614586289,DI,2018,0.5223327549970707,Pink
145,3.5917179198566935,DI,2018,0.6300623052704046,Pink
146,4.3498112052338715,DI,2018,0.758093285377178,Pink
147,5.25918434868791,DI,2018,0.9093731434540384,Pink
148,6.34605798229966,DI,2018,1.0868736336117504,Pink
149,7.639435217777114,DI,2018,1.293377235477454,Pink
150,9.170601259444394,DI,2018,1.53116604166728,Pink
151,10.972199916574523,DI,2018,1.8015986571301283,Pink
152,13.076773654254696,DI,2018,2.104573737680173,Pink
153,15.51467693981645,DI,2018,2.437903285561754,Pink
154,18.311333522812884,DI,2018,2.796656582996434,Pink
155,21.483917963720195,DI,2018,3.172584440907311,Pink
156,25.037701544616958,DI,2018,3.553783580896763,Pink
157,28.96249455586512,DI,2018,3.9247930112481626,Pink
158,33.229795469274826,DI,2018,4.267300913409706,Pink
159,37.79135167268181,DI,2018,4.561556203406987,Pink
160,42.57976863460466,DI,2018,4.788416961922849,Pink
161,47.511527443718066,DI,2018,4.931758809113404,Pink
162,52.492309182746176,DI,2018,4.98078173902811,Pink
163,57.423992782809854,DI,2018,4.931683600063678,Pink
164,62.21226511726426,DI,2018,4.788272334454405,Pink
165,66.77361793260441,DI,2018,4.56135281534015,Pink
166,71.04067062014113,DI,2018,4.267052687536719,Pink
167,74.96518586851666,DI,2018,3.9245152483755277,Pink
168,78.51867705984648,DI,2018,3.553491191329826,Pink
169,81.69096764801903,DI,2018,3.172290588172544,Pink
170,84.48733951835904,DI,2018,2.7963718703400104,Pink
171,86.92497498421353,DI,2018,2.4376354658544983,Pink
172,89.02930281541516,DI,2018,2.10432783120163,Pink
173,90.83068014204375,DI,2018,1.8013773266285824,Pink
174,92.36165022712558,DI,2018,1.530970085081833,Pink
175,93.65485631867972,DI,2018,1.29320609155414,Pink
176,94.74158215433958,DI,2018,1.0867258356598626,Pink
177,95.65082884489978,DI,2018,0.9092466905601952,Pink
142,0.46948271531017227,DI,2018,NA,Chum
143,0.6036519159194551,DI,2018,0.13416920060928283,Chum
144,0.7758652203987662,DI,2018,0.17221330447931105,Chum
145,0.9967158703378922,DI,2018,0.22085064993912606,Chum
146,1.2796211048655868,DI,2018,0.28290523452769456,Chum
147,1.6414940490074068,DI,2018,0.36187294414182003,Chum
148,2.1035229813582363,DI,2018,0.46202893235082954,Chum
149,2.6920391905480217,DI,2018,0.5885162091897853,Chum
150,3.4394235822644315,DI,2018,0.7473843917164098,Chum
151,4.3849522634833455,DI,2018,0.9455286812189141,Chum
152,5.575406730025426,DI,2018,1.1904544665420804,Chum
153,7.065172017168596,DI,2018,1.48976528714317,Chum
154,8.915421908487106,DI,2018,1.8502498913185104,Chum
155,11.19186831396786,DI,2018,2.276446405480753,Chum
156,13.960488145865481,DI,2018,2.768619831897622,Chum
157,17.280732746290784,DI,2018,3.320244600425303,Chum
158,21.196101347350044,DI,2018,3.91536860105926,Chum
159,25.72272851388093,DI,2018,4.526627166530886,Chum
160,30.837766245200317,DI,2018,5.115037731319386,Chum
161,36.47052289662819,DI,2018,5.632756651427872,Chum
162,42.4999117975638,DI,2018,6.029388900935608,Chum
163,48.7610211759973,DI,2018,6.261109378433503,Chum
164,55.06125322182587,DI,2018,6.300232045828572,Chum
165,61.203184681105284,DI,2018,6.141931459279412,Chum
166,67.00864851592083,DI,2018,5.805463834815541,Chum
167,72.33802950921968,DI,2018,5.329380993298855,Chum
168,77.10071036582946,DI,2018,4.7626808566097765,Chum
169,81.25586021056634,DI,2018,4.155149844736883,Chum
170,84.80562998193588,DI,2018,3.54976977136954,Chum
171,87.78420871745968,DI,2018,2.978578735523797,Chum
172,90.24604850598409,DI,2018,2.461839788524415,Chum
173,92.25552515821082,DI,2018,2.0094766522267236,Chum
174,93.87909454218205,DI,2018,1.6235693839712297,Chum
175,95.18007782098356,DI,2018,1.3009832788015103,Chum
176,96.21568701929488,DI,2018,1.0356091983113203,Chum
177,97.0357149502441,DI,2018,0.8200279309492231,Chum
141,27.90219973340434,DI,2019,NA,Sockeye
142,32.6783394832018,DI,2019,4.776139749797462,Sockeye
143,37.84291225700874,DI,2019,5.164572773806938,Sockeye
144,43.298744283005405,DI,2019,5.4558320259966635,Sockeye
145,48.922059659292714,DI,2019,5.623315376287309,Sockeye
146,54.57278974301288,DI,2019,5.65073008372017,Sockeye
147,60.10812990367093,DI,2019,5.535340160658045,Sockeye
148,65.39666020236045,DI,2019,5.288530298689523,Sockeye
149,70.33015437187079,DI,2019,4.93349416951034,Sockeye
150,74.83097518091824,DI,2019,4.500820809047454,Sockeye
151,78.85431664109929,DI,2019,4.023341460181044,Sockeye
152,82.38590156745822,DI,2019,3.5315849263589314,Sockeye
153,85.43660093416767,DI,2019,3.050699366709452,Sockeye
154,88.03566158173443,DI,2019,2.599060647566759,Sockeye
155,90.22395513667297,DI,2019,2.1882935549385394,Sockeye
156,92.04815879772366,DI,2019,1.8242036610506887,Sockeye
157,93.55627798527263,DI,2019,1.5081191875489708,Sockeye
158,94.79454751270667,DI,2019,1.238269527434042,Sockeye
159,95.80553108957425,DI,2019,1.0109835768675737,Sockeye
160,96.62715144008592,DI,2019,0.8216203505116795,Sockeye
161,97.29237971338148,DI,2019,0.6652282732955541,Sockeye
162,97.82935211839077,DI,2019,0.5369724050092941,Sockeye
163,98.26173534651517,DI,2019,0.4323832281243938,Sockeye
164,98.60921423888331,DI,2019,0.34747889236814444,Sockeye
165,98.88801820032182,DI,2019,0.2788039614385127,Sockeye
166,99.11143533402945,DI,2019,0.2234171337076276,Sockeye
167,99.29028611163231,DI,2019,0.17885077760286094,Sockeye
168,99.43334352831535,DI,2019,0.1430574166830354,Sockeye
169,99.54769614261431,DI,2019,0.1143526142989657,Sockeye
170,99.63905589767859,DI,2019,0.09135975506427485,Sockeye
171,99.71201550300371,DI,2019,0.07295960532512424,Sockeye
172,99.77026138825633,DI,2019,0.05824588525261731,Sockeye
173,99.81674848694703,DI,2019,0.04648709869070444,Sockeye
174,99.85384280431707,DI,2019,0.03709431737003399,Sockeye
175,99.8834371478948,DI,2019,0.0295943435777275,Sockeye
176,99.90704471914624,DI,2019,0.023607571251446302,Sockeye
177,99.92587457765006,DI,2019,0.01882985850382113,Sockeye
178,99.94089234717065,DI,2019,0.015017769520582647,Sockeye
179,99.95286895997145,DI,2019,0.011976612800808084,Sockeye
180,99.96241973938876,DI,2019,0.009550779417310196,Sockeye
181,99.97003569958963,DI,2019,0.007615960200865857,Sockeye
182,99.97610858941447,DI,2019,0.00607288982483567,Sockeye
183,99.98095091610541,DI,2019,0.0048423266909480844,Sockeye
184,99.98481194596029,DI,2019,0.003861029854874687,Sockeye
185,99.98789048432914,DI,2019,0.003078538368853856,Sockeye
186,99.99034507947991,DI,2019,0.002454595150766181,Sockeye
187,99.99230216724355,DI,2019,0.001957087763642562,Sockeye
188,99.99386257049709,DI,2019,0.0015604032535350143,Sockeye
189,99.99510668483708,DI,2019,0.0012441143399968269,Sockeye
190,99.9960986154086,DI,2019,9.919305715158089e-4,Sockeye
191,99.99688947663975,DI,2019,7.908612311524621e-4,Sockeye
192,99.99752002402325,DI,2019,6.305473834942177e-4,Sockeye
193,99.99802275299962,DI,2019,5.027289763717135e-4,Sockeye
194,99.99842357274711,DI,2019,4.00819747497394e-4,Sockeye
195,99.99874314091065,DI,2019,3.195681635332903e-4,Sockeye
196,99.99899792791311,DI,2019,2.547870024613985e-4,Sockeye
197,99.99920106561093,DI,2019,2.0313769782376312e-4,Sockeye
198,99.99936302397451,DI,2019,1.6195836357724147e-4,Sockeye
199,99.99949215063289,DI,2019,1.2912665837916393e-4,Sockeye
200,99.99959510106844,DI,2019,1.0295043554719996e-4,Sockeye
201,99.99967718161882,DI,2019,8.208055038494422e-5,Sockeye
202,99.99974262295659,DI,2019,6.544133776742456e-5,Sockeye
203,99.99979479813558,DI,2019,5.21751789932523e-5,Sockeye
141,10.210807938176288,DI,2019,NA,Pink
142,11.276479027011723,DI,2019,1.065671088835435,Pink
143,12.437964212272968,DI,2019,1.1614851852612453,Pink
144,13.70060943444956,DI,2019,1.2626452221765927,Pink
145,15.069373272599716,DI,2019,1.368763838150155,Pink
146,16.548661514920532,DI,2019,1.4792882423208162,Pink
147,18.142144908177666,DI,2019,1.5934833932571344,Pink
148,19.852564144162805,DI,2019,1.710419235985139,Pink
149,21.681527994674717,DI,2019,1.8289638505119115,Pink
150,23.629312443894502,DI,2019,1.9477844492197853,Pink
151,25.69467051982538,DI,2019,2.0653580759308774,Pink
152,27.874664076921295,DI,2019,2.1799935570959157,Pink
153,30.164529778153188,DI,2019,2.289865701231893,Pink
154,32.55759170764569,DI,2019,2.3930619294925037,Pink
155,35.04523218775654,DI,2019,2.487640480110848,Pink
156,37.61693032865816,DI,2019,2.571698140901617,Pink
157,40.26037458054141,DI,2019,2.6434442518832526,Pink
158,42.96165122547785,DI,2019,2.701276644936442,Pink
159,45.70550564904194,DI,2019,2.7438544235640876,Pink
160,48.475667839431594,DI,2019,2.770162190389655,Pink
161,51.25522844836213,DI,2019,2.779560608930538,Pink
162,54.027047513368984,DI,2019,2.771819065006852,Pink
163,56.77417511506318,DI,2019,2.7471276016941957,Pink
164,59.480262193237714,DI,2019,2.7060870781745336,Pink
165,62.12994061187047,DI,2019,2.649678418632753,Pink
166,64.70915422991997,DI,2019,2.5792136180495078,Pink
167,67.20542685424195,DI,2019,2.496272624321975,Pink
168,69.60805800515935,DI,2019,2.4026311509174008,Pink
169,71.90824281678165,DI,2019,2.3001848116223016,Pink
170,74.09911754240404,DI,2019,2.1908747256223933,Pink
171,76.17573655875505,DI,2019,2.076619016351003,Pink
172,78.134990133709,DI,2019,1.959253574953948,Pink
173,79.97547438662386,DI,2019,1.8404842529148624,Pink
174,81.69732583801958,DI,2019,1.7218514513957217,Pink
175,83.30203285414542,DI,2019,1.6047070161258432,Pink
176,84.79223536349448,DI,2019,1.4902025093490607,Pink
177,86.17152271418009,DI,2019,1.3792873506856012,Pink
178,87.44423770735298,DI,2019,1.2727149931728974,Pink
179,88.61529290443337,DI,2019,1.171055197080392,Pink
180,89.69000343857199,DI,2019,1.0747105341386174,Pink
181,90.67393888384497,DI,2019,0.9839354452729765,Pink
182,91.57279531938454,DI,2019,0.898856435539571,Pink
183,92.39228759800476,DI,2019,0.819492278620217,Pink
184,93.13806098617395,DI,2019,0.7457733881691979,Pink
185,93.81562075934228,DI,2019,0.6775597731683263,Pink
186,94.43027797642306,DI,2019,0.6146572170807758,Pink
187,94.98710947752788,DI,2019,0.5568315011048242,Pink
188,95.49093010805068,DI,2019,0.5038206305227959,Pink
189,95.94627523171688,DI,2019,0.4553451236662056,Pink
190,96.35739172252553,DI,2019,0.4111164908086522,Pink
191,96.72823579397152,DI,2019,0.37084407144598686,Pink
192,97.06247621287646,DI,2019,0.3342404189049404,Pink
193,97.36350163931833,DI,2019,0.3010254264418677,Pink
194,97.63443102286217,DI,2019,0.27092938354384444,Pink
195,97.87812616161456,DI,2019,0.24369513875238624,Pink
196,98.09720569049976,DI,2019,0.219079528885203,Pink
197,98.2940599066795,DI,2019,0.1968542161797302,Pink
198,98.47086596283134,DI,2019,0.17680605615184675,Pink
199,98.62960306370874,DI,2019,0.15873710087740278,Pink
200,98.77206738931544,DI,2019,0.14246432560669575,Pink
201,98.89988654077546,DI,2019,0.12781915146001666,Pink
202,99.01453336435573,DI,2019,0.1146468235802729,Pink
203,99.11733905689371,DI,2019,0.10280569253798433,Pink
141,4.624425957188064,DI,2019,NA,Chum
142,5.130616160409383,DI,2019,0.506190203221319,Chum
143,5.688909078220336,DI,2019,0.5582929178109524,Chum
144,6.303916358173161,DI,2019,0.6150072799528257,Chum
145,6.9804888256092,DI,2019,0.6765724674360385,Chum
146,7.723689140596184,DI,2019,0.7432003149869839,Chum
147,8.53875317364959,DI,2019,0.8150640330534067,Chum
148,9.431038341509835,DI,2019,0.8922851678602441,Chum
149,10.4059571966991,DI,2019,0.9749188551892658,Chum
150,11.468894740026018,DI,2019,1.0629375433269175,Chum
151,12.625108258751625,DI,2019,1.1562135187256075,Chum
152,13.879609019681169,DI,2019,1.2545007609295435,Chum
153,15.237025896302054,DI,2019,1.357416876620885,Chum
154,16.701452001938204,DI,2019,1.46442610563615,Chum
155,18.276276638294426,DI,2019,1.5748246363562224,Chum
156,19.964006325734314,DI,2019,1.6877296874398873,Chum
157,21.766080298335247,DI,2019,1.8020739726009332,Chum
158,23.682687522080315,DI,2019,1.9166072237450678,Chum
159,25.712593883653604,DI,2019,2.029906361573289,Chum
160,27.852989515762065,DI,2019,2.1403956321084614,Chum
161,30.099367061370415,DI,2019,2.2463775456083503,Chum
162,32.44544181804627,DI,2019,2.346074756675854,Chum
163,34.883123956438865,DI,2019,2.4376821383925957,Chum
164,37.402551250302324,DI,2019,2.5194272938634583,Chum
165,39.99218796815239,DI,2019,2.5896367178500697,Chum
166,42.63899186851744,DI,2019,2.646803900365043,Chum
167,45.32864686464841,DI,2019,2.689654996130976,Chum
168,48.045854263782104,DI,2019,2.7172073991336916,Chum
169,50.77467101488102,DI,2019,2.7288167510989183,Chum
170,53.498879619351925,DI,2019,2.7242086044709026,Chum
171,56.20237172505141,DI,2019,2.703492105699482,Chum
172,58.869526264515684,DI,2019,2.6671545394642777,Chum
173,61.485563462103734,DI,2019,2.6160371975880494,Chum
174,64.03685806206283,DI,2019,2.5512945999590997,Chum
175,66.51119846374183,DI,2019,2.474340401679001,Chum
176,68.89798268282219,DI,2019,2.3867842190803543,Chum
177,71.18834669772201,DI,2019,2.290364014899822,Chum
178,73.37522529308654,DI,2019,2.186878595364533,Chum
179,75.4533495484981,DI,2019,2.078124255411552,Chum
180,77.41918832785774,DI,2019,1.9658387793596432,Chum
181,79.27084333174616,DI,2019,1.8516550038884247,Chum
182,81.00790844876337,DI,2019,1.7370651170172096,Chum
183,82.63130436593329,DI,2019,1.6233959171699155,Chum
184,84.14309883778627,DI,2019,1.5117944718529799,Chum
185,85.54632187687476,DI,2019,1.4032230390884877,Chum
186,86.84478363179086,DI,2019,1.2984617549161044,Chum
187,88.04290106044074,DI,2019,1.19811742864988,Chum
188,89.14553784931009,DI,2019,1.1026367888693471,Chum
189,90.15786049376958,DI,2019,1.0123226444594877,Chum
190,91.08521211719683,DI,2019,0.9273516234272563,Chum
191,91.93300450692828,DI,2019,0.8477923897314525,Chum
192,92.7066279916689,DI,2019,0.7736234847406109,Chum
193,93.41137816513009,DI,2019,0.7047501734611927,Chum
194,94.05239804779855,DI,2019,0.6410198826684592,Chum
195,94.63463403930731,DI,2019,0.5822359915087674,Chum
196,95.16280391243524,DI,2019,0.5281698731279221,Chum
197,95.64137510243171,DI,2019,0.4785711899964724,Chum
198,96.07455162200746,DI,2019,0.43317651957575265,Chum
199,96.46626805755679,DI,2019,0.391716435549327,Chum
200,96.82018925560371,DI,2019,0.353921198046919,Chum
201,97.1397144744819,DI,2019,0.31952521887819785,Chum
202,97.42798494346059,DI,2019,0.2882704689786806,Chum
203,97.6878939320582,DI,2019,0.2599089885976156,Chum
